Complexity,Loss,Equation
1,0.90132946,"-0.19911711"
3,0.630725,"x1 + -0.51950806"
4,0.55066174,"x1 + square(-0.40502754)"
5,0.48959965,"(x1 * 1.1491946) + -0.13606876"
6,0.18355536,"(-0.68355536 + x1) + square(x0)"
