Complexity,Loss,Equation
1,0.9633754,"-0.25272763"
2,0.9357894,"square(x0)"
3,0.47958118,"x1 * 1.1420093"
5,0.46751994,"(x1 - 0.11726758) * 1.0990914"
