Complexity,Loss,Equation
1,0.9013294,"-0.20211111"
2,0.81639135,"square(x0)"
3,0.49532074,"x1 + -0.10738228"
6,4.0838495e-7,"square(x0) + (x1 + -0.49999958)"
