Complexity,Loss,Equation
1,0.9013294,"-0.20216048"
2,0.81639135,"square(x0)"
3,0.49532074,"x1 + -0.10586968"
6,1.2759275e-5,"(x1 + -0.50001276) + square(x0)"
