{
  "capture_ts": "2026-05-10T03:14:21+00:00",
  "git_sha": "nogit",
  "results": {
    "n10k_p100_clf": {
      "counters": {
        "cached_MIs_size": null,
        "cached_cond_MIs_size": null,
        "n_features_in": 100,
        "n_features_selected": 25
      },
      "mem_peak_mb": {
        "median": 23.070018768310547,
        "min": 23.0699405670166,
        "p95": 23.070214462280273
      },
      "stages": {
        "data_built": {
          "mem_peak_mb": 4.57763671875e-05,
          "wall_s": 3.100009053014219e-06
        },
        "fit_done": {
          "mem_peak_mb": 23.070236206054688,
          "wall_s": 0.33644459999050014
        }
      },
      "support_sanity_ok": true,
      "support_set": [
        1,
        6,
        20,
        21,
        22,
        24,
        30,
        32,
        34,
        38,
        39,
        44,
        49,
        50,
        51,
        56,
        58,
        62,
        72,
        75,
        79,
        93,
        94,
        97,
        99
      ],
      "wall_time": {
        "dispersion": 0.013988850730043379,
        "median": 0.3420759000000544,
        "min": 0.3364295000064885,
        "n_runs": 3,
        "p95": 0.34754547000047753,
        "std": 0.00478725796873806
      }
    },
    "n10k_p100_reg": {
      "counters": {
        "cached_MIs_size": null,
        "cached_cond_MIs_size": null,
        "n_features_in": 100,
        "n_features_selected": 22
      },
      "mem_peak_mb": {
        "median": 23.222909927368164,
        "min": 23.222854614257812,
        "p95": 23.22295970916748
      },
      "stages": {
        "data_built": {
          "mem_peak_mb": 3.0517578125e-05,
          "wall_s": 7.100010407157242e-06
        },
        "fit_done": {
          "mem_peak_mb": 23.222854614257812,
          "wall_s": 0.352514499987592
        }
      },
      "support_sanity_ok": true,
      "support_set": [
        2,
        9,
        16,
        23,
        37,
        45,
        47,
        48,
        49,
        50,
        51,
        52,
        54,
        55,
        66,
        70,
        71,
        86,
        87,
        92,
        93,
        96
      ],
      "wall_time": {
        "dispersion": 0.042941186331718464,
        "median": 0.3515027000103146,
        "min": 0.3208897000004072,
        "n_runs": 3,
        "p95": 0.35239333999488737,
        "std": 0.014669921623798212
      }
    }
  },
  "tag": "after-phases"
}