{
  "capture_ts": "2026-06-24T22:01:09+00:00",
  "results": [
    {
      "k0": 220,
      "lever": "E2_append_vs_concat",
      "n": 50000,
      "n_pairs": 40,
      "new_ms": 17.753399966750294,
      "old_ms": 220.4933000029996,
      "speedup": 12.419778770035801
    },
    {
      "lever": "E7_combinations_vs_triu",
      "n_pairs": 1124250,
      "new_ms": 19.849299977067858,
      "old_ms": 288.0047000362538,
      "p": 1500,
      "speedup": 14.509564587617154
    },
    {
      "lever": "E8_tonumeric_vs_asarray",
      "n": 20000,
      "new_ms": 2.2382999886758626,
      "old_ms": 32.90439996635541,
      "p": 120,
      "speedup": 14.700621066357176
    },
    {
      "copy_ms": 97.52499999012798,
      "lever": "E1E6_redundant_copy",
      "n": 50000,
      "p": 220
    }
  ]
}