{
  "cold_first_fit_s": 62.20309029999953,
  "per_tier_cheapcache_total_s": 1.930000144056976e-05,
  "per_tier_refit_mean_s": 0.0059083333332334105,
  "per_tier_refit_total_s": 0.01772499999970023
}