{
  "generated_at": "2026-05-10T03:36:34.231920Z",
  "rows": [
    {
      "method": "baseline",
      "seed": 0,
      "n_features_total": 200,
      "n_features_selected": 100,
      "informative_recall": 0.9666666666666667,
      "fit_seconds": 5.5722800999938045,
      "selected_idx": [
        0,
        1,
        2,
        3,
        4,
        5,
        6,
        7,
        8,
        9,
        10,
        11,
        12,
        13,
        14,
        15,
        16,
        17,
        18,
        20,
        21,
        22,
        23,
        24,
        25,
        26,
        27,
        28,
        29,
        30,
        32,
        33,
        34,
        36,
        40,
        44,
        47,
        53,
        57,
        59,
        62,
        65,
        67,
        68,
        70,
        74,
        75,
        76,
        82,
        85,
        86,
        88,
        90,
        94,
        95,
        97,
        98,
        99,
        101,
        103,
        106,
        109,
        113,
        114,
        116,
        117,
        120,
        122,
        126,
        128,
        130,
        131,
        132,
        134,
        136,
        137,
        140,
        144,
        145,
        147,
        154,
        155,
        158,
        160,
        161,
        164,
        165,
        166,
        167,
        168,
        172,
        175,
        177,
        179,
        181,
        184,
        185,
        191,
        194,
        197
      ]
    },
    {
      "method": "baseline",
      "seed": 1,
      "n_features_total": 200,
      "n_features_selected": 200,
      "informative_recall": 1.0,
      "fit_seconds": 5.208511600008933,
      "selected_idx": [
        0,
        1,
        2,
        3,
        4,
        5,
        6,
        7,
        8,
        9,
        10,
        11,
        12,
        13,
        14,
        15,
        16,
        17,
        18,
        19,
        20,
        21,
        22,
        23,
        24,
        25,
        26,
        27,
        28,
        29,
        30,
        31,
        32,
        33,
        34,
        35,
        36,
        37,
        38,
        39,
        40,
        41,
        42,
        43,
        44,
        45,
        46,
        47,
        48,
        49,
        50,
        51,
        52,
        53,
        54,
        55,
        56,
        57,
        58,
        59,
        60,
        61,
        62,
        63,
        64,
        65,
        66,
        67,
        68,
        69,
        70,
        71,
        72,
        73,
        74,
        75,
        76,
        77,
        78,
        79,
        80,
        81,
        82,
        83,
        84,
        85,
        86,
        87,
        88,
        89,
        90,
        91,
        92,
        93,
        94,
        95,
        96,
        97,
        98,
        99,
        100,
        101,
        102,
        103,
        104,
        105,
        106,
        107,
        108,
        109,
        110,
        111,
        112,
        113,
        114,
        115,
        116,
        117,
        118,
        119,
        120,
        121,
        122,
        123,
        124,
        125,
        126,
        127,
        128,
        129,
        130,
        131,
        132,
        133,
        134,
        135,
        136,
        137,
        138,
        139,
        140,
        141,
        142,
        143,
        144,
        145,
        146,
        147,
        148,
        149,
        150,
        151,
        152,
        153,
        154,
        155,
        156,
        157,
        158,
        159,
        160,
        161,
        162,
        163,
        164,
        165,
        166,
        167,
        168,
        169,
        170,
        171,
        172,
        173,
        174,
        175,
        176,
        177,
        178,
        179,
        180,
        181,
        182,
        183,
        184,
        185,
        186,
        187,
        188,
        189,
        190,
        191,
        192,
        193,
        194,
        195,
        196,
        197,
        198,
        199
      ]
    },
    {
      "method": "baseline",
      "seed": 2,
      "n_features_total": 200,
      "n_features_selected": 150,
      "informative_recall": 1.0,
      "fit_seconds": 4.371547900009318,
      "selected_idx": [
        0,
        1,
        2,
        3,
        4,
        5,
        6,
        7,
        8,
        9,
        10,
        11,
        12,
        13,
        14,
        15,
        16,
        17,
        18,
        19,
        20,
        21,
        22,
        23,
        24,
        25,
        26,
        27,
        28,
        29,
        30,
        32,
        34,
        35,
        36,
        37,
        38,
        39,
        42,
        43,
        44,
        45,
        46,
        48,
        49,
        50,
        51,
        52,
        53,
        55,
        59,
        60,
        61,
        62,
        64,
        65,
        66,
        67,
        69,
        70,
        71,
        72,
        75,
        76,
        77,
        78,
        79,
        80,
        81,
        83,
        85,
        86,
        89,
        90,
        91,
        92,
        93,
        95,
        96,
        98,
        99,
        101,
        102,
        103,
        104,
        105,
        106,
        108,
        109,
        111,
        112,
        113,
        114,
        115,
        117,
        118,
        119,
        120,
        121,
        122,
        124,
        126,
        128,
        129,
        130,
        132,
        133,
        136,
        137,
        138,
        139,
        140,
        141,
        142,
        143,
        144,
        145,
        147,
        149,
        151,
        153,
        154,
        155,
        156,
        160,
        161,
        162,
        166,
        167,
        169,
        170,
        172,
        173,
        174,
        175,
        177,
        178,
        179,
        180,
        181,
        183,
        184,
        187,
        188,
        190,
        192,
        193,
        195,
        197,
        199
      ]
    },
    {
      "method": "stability_selection_lr",
      "seed": 0,
      "n_features_total": 200,
      "n_features_selected": 34,
      "informative_recall": 0.8666666666666667,
      "fit_seconds": 2.3885232000029646,
      "selected_idx": [
        0,
        1,
        3,
        4,
        5,
        6,
        7,
        8,
        9,
        10,
        12,
        13,
        14,
        15,
        17,
        18,
        20,
        21,
        22,
        23,
        24,
        25,
        26,
        27,
        28,
        29,
        30,
        75,
        109,
        114,
        147,
        155,
        165,
        181
      ]
    },
    {
      "method": "stability_selection_lr",
      "seed": 1,
      "n_features_total": 200,
      "n_features_selected": 32,
      "informative_recall": 0.8333333333333334,
      "fit_seconds": 2.232428399991477,
      "selected_idx": [
        1,
        3,
        4,
        5,
        7,
        8,
        9,
        10,
        11,
        12,
        13,
        14,
        15,
        16,
        17,
        18,
        19,
        20,
        21,
        22,
        23,
        24,
        25,
        26,
        27,
        39,
        48,
        78,
        108,
        109,
        145,
        166
      ]
    },
    {
      "method": "stability_selection_lr",
      "seed": 2,
      "n_features_total": 200,
      "n_features_selected": 29,
      "informative_recall": 0.8666666666666667,
      "fit_seconds": 2.573176300007617,