{
  "100000": {
    "python_OOF_TE_cv3": {
      "gap_median": -0.0062280372027470055,
      "time_median": 0.058381599956192076,
      "time_std": 0.0013608758951556513
    },
    "python_OOF_TE_cv5": {
      "gap_median": -0.0021829537934608956,
      "time_median": 0.08256139990407974,
      "time_std": 0.007950546203883153
    },
    "python_OOF_WoE_cv3": {
      "gap_median": -0.006335393304927606,
      "time_median": 0.05351649993099272,
      "time_std": 0.0014898339411327536
    },
    "python_OOF_WoE_cv5": {
      "gap_median": -0.0022240871796272987,
      "time_median": 0.07806109997909516,
      "time_std": 0.003081681210846713
    },
    "rust_OOF_TE_cv3": {
      "gap_median": -0.0062280372027470055,
      "time_median": 0.028831599978730083,
      "time_std": 0.0009948005562022708
    },
    "rust_OOF_TE_cv5": {
      "gap_median": -0.0021829537934608956,
      "time_median": 0.04112079995684326,
      "time_std": 0.0018244017373440988
    },
    "rust_OOF_WoE_cv3": {
      "gap_median": -0.006335393304927606,
      "time_median": 0.03078629996161908,
      "time_std": 0.0005341779602967853
    },
    "rust_OOF_WoE_cv5": {
      "gap_median": -0.0022240871796272987,
      "time_median": 0.042315700091421604,
      "time_std": 0.001259886027918102
    },
    "sklearn_TE_cv5": {
      "gap_median": -0.002883156304263834,
      "time_median": 0.10509730002377182,
      "time_std": 0.006430890778952792
    }
  },
  "20000": {
    "python_OOF_TE_cv3": {
      "gap_median": -0.008759874183378091,
      "time_median": 0.025580900022760034,
      "time_std": 0.004096734333656013
    },
    "python_OOF_TE_cv5": {
      "gap_median": -0.0017119814064472383,
      "time_median": 0.03627709997817874,
      "time_std": 0.002074136314165497
    },
    "python_OOF_WoE_cv3": {
      "gap_median": -0.007623127723915157,
      "time_median": 0.023262200062163174,
      "time_std": 0.0006476142880778594
    },
    "python_OOF_WoE_cv5": {
      "gap_median": -0.0007883753030039076,
      "time_median": 0.034661500016227365,
      "time_std": 0.0007128117122470579
    },
    "rust_OOF_TE_cv3": {
      "gap_median": -0.008759874183378091,
      "time_median": 0.009485900052823126,
      "time_std": 0.00031155273348228244
    },
    "rust_OOF_TE_cv5": {
      "gap_median": -0.0017119814064472383,
      "time_median": 0.013065100065432489,
      "time_std": 0.0004973287977375277
    },
    "rust_OOF_WoE_cv3": {
      "gap_median": -0.007623127723915157,
      "time_median": 0.008918599924072623,
      "time_std": 0.0001761644040195113
    },
    "rust_OOF_WoE_cv5": {
      "gap_median": -0.0007883753030039076,
      "time_median": 0.01342029997613281,
      "time_std": 0.0009129288182333506
    },
    "sklearn_TE_cv5": {
      "gap_median": -0.0031836783561877136,
      "time_median": 0.03142610006034374,
      "time_std": 0.002435782449168375
    }
  },
  "50000": {
    "python_OOF_TE_cv3": {
      "gap_median": -0.00977275751996931,
      "time_median": 0.03884599998127669,
      "time_std": 0.0019285099114405998
    },
    "python_OOF_TE_cv5": {
      "gap_median": -0.00516648503070305,
      "time_median": 0.05440479994285852,
      "time_std": 0.005386125790833959
    },
    "python_OOF_WoE_cv3": {
      "gap_median": -0.009875469894770839,
      "time_median": 0.03573070000857115,
      "time_std": 0.0014745177353364678
    },
    "python_OOF_WoE_cv5": {
      "gap_median": -0.0052344095771804655,
      "time_median": 0.05087029992137104,
      "time_std": 0.0020851450496830247
    },
    "rust_OOF_TE_cv3": {
      "gap_median": -0.00977275751996931,
      "time_median": 0.017273900099098682,
      "time_std": 0.0012413016006480977
    },
    "rust_OOF_TE_cv5": {
      "gap_median": -0.00516648503070305,
      "time_median": 0.023726999992504716,
      "time_std": 0.0013357281912319947
    },
    "rust_OOF_WoE_cv3": {
      "gap_median": -0.009875469894770839,
      "time_median": 0.016595599940046668,
      "time_std": 0.0006266193222317351
    },
    "rust_OOF_WoE_cv5": {
      "gap_median": -0.0052344095771804655,
      "time_median": 0.02290580002591014,
      "time_std": 0.0009725993244731691
    },
    "sklearn_TE_cv5": {
      "gap_median": -0.005829744558730865,
      "time_median": 0.06080860004294664,
      "time_std": 0.004119574833246443
    }
  }
}