Complexity,Loss,Equation
1,0.9633754,"-0.25279695"
2,0.9357894,"square(x0)"
3,0.4797708,"x1 + -0.14075749"
6,4.6202913e-7,"(x1 + -0.49999952) + square(x0)"
