Complexity,Loss,Equation
1,0.4961455,"x1"
3,0.47977075,"x1 + -0.14721803"
