Complexity,Loss,Equation
1,0.9633754,"-0.25283426"
2,0.9357894,"square(x0)"
3,0.47958165,"x1 * 1.1379268"
6,0.46265888,"(x1 * 1.2616799) + square(x0)"
