Complexity,Loss,Equation
1,0.87321085,"-0.21371865"
2,0.81273985,"square(x0)"
3,0.48217544,"x1 + -0.18647848"
5,0.47681627,"(x1 * 1.1616877) + -0.14832948"
