Complexity,Loss,Equation
1,0.9728318,"-0.010409584"
2,0.90776163,"square(x0)"
3,4.405804e-6,"target * 1.0000045"
5,3.0733645e-9,"x1 - (x1 - target)"
