{
  "ts": "2026-06-11T18:31:03.196085",
  "n": 50000,
  "F": 40,
  "B": 5,
  "nbins": 12,
  "reps": 5,
  "bit_identical": true,
  "old_peak_mb": 7.4403839111328125,
  "new_peak_mb": 1.2417716979980469,
  "delta_mb": -6.198612213134766
}