{
  "ts": "2026-06-11T18:26:13.958447",
  "n": 8000,
  "F": 12,
  "B": 6,
  "cv_folds": 3,
  "n_bins": 8,
  "family": "lightgbm",
  "reps": 5,
  "bit_identical": true,
  "old_ms": 882.1886000223458,
  "new_ms": 159.7751000081189,
  "speedup": 5.521439823711691
}