{
  "ts": "2026-06-11T19:58:28.240222",
  "n": 50000,
  "F": 200,
  "reps": 7,
  "max_abs_diff": 2.3592239273284576e-15,
  "numpy_ms": 92.36569999484345,
  "numba_ms": 13.808000017888844,
  "speedup": 6.689288809036777
}