{
  "capture_ts": "2026-05-10T02:59:06+00:00",
  "git_sha": "nogit",
  "results": {
    "n10k_p100_clf": {
      "counters": {
        "cached_MIs_size": null,
        "cached_cond_MIs_size": null,
        "n_features_in": 100,
        "n_features_selected": 25
      },
      "mem_peak_mb": {
        "median": 23.0699405670166,
        "min": 23.069852828979492,
        "p95": 23.07030620574951
      },
      "stages": {
        "data_built": {
          "mem_peak_mb": 4.57763671875e-05,
          "wall_s": 4.49999060947448e-06
        },
        "fit_done": {
          "mem_peak_mb": 23.07034683227539,
          "wall_s": 0.4572712000081083
        }
      },
      "support_sanity_ok": true,
      "support_set": [
        1,
        6,
        20,
        21,
        22,
        24,
        30,
        32,
        34,
        38,
        39,
        44,
        49,
        50,
        51,
        56,
        58,
        62,
        72,
        75,
        79,
        93,
        94,
        97,
        99
      ],
      "wall_time": {
        "dispersion": 0.24427909719020163,
        "median": 0.45724479999626055,
        "min": 0.44293170000310056,
        "n_runs": 3,
        "p95": 0.7042456600014703,
        "std": 0.1328769747370327
      }
    },
    "n10k_p100_reg": {
      "counters": {
        "cached_MIs_size": null,
        "cached_cond_MIs_size": null,
        "n_features_in": 100,
        "n_features_selected": 22
      },
      "mem_peak_mb": {
        "median": 23.223020553588867,
        "min": 23.222965240478516,
        "p95": 23.223020553588867
      },
      "stages": {
        "data_built": {
          "mem_peak_mb": 3.0517578125e-05,
          "wall_s": 6.300004315562546e-06
        },
        "fit_done": {
          "mem_peak_mb": 23.223020553588867,
          "wall_s": 0.3830946999951266
        }
      },
      "support_sanity_ok": true,
      "support_set": [
        2,
        9,
        16,
        23,
        37,
        45,
        47,
        48,
        49,
        50,
        51,
        52,
        54,
        55,
        66,
        70,
        71,
        86,
        87,
        92,
        93,
        96
      ],
      "wall_time": {
        "dispersion": 0.03318311435307133,
        "median": 0.40412419999483973,
        "min": 0.3830729000037536,
        "n_runs": 3,
        "p95": 0.4140275299927453,
        "std": 0.013298962654753785
      }
    }
  },
  "tag": "after-correctness"
}