Complexity,Loss,Equation
1,0.9013294,"-0.204362"
2,0.8163914,"square(x0)"
3,0.4944166,"x1 * 1.1560202"
6,0.0076263184,"square(x0) + (x1 + -0.49237368)"
