{
  "s_shape|n_oof=150": {
    "iso_beats_sig": 8,
    "isotonic": {
      "mean": 0.4339661818562529,
      "median": 0.42535501452526336
    },
    "linear": {
      "mean": 0.5386334130238264,
      "median": 0.5382548815519778
    },
    "n_seeds": 8,
    "raw": {
      "mean": 0.589919561991722,
      "median": 0.5887889032056117
    },
    "sig_beats_iso": 0,
    "sigmoid": {
      "mean": 0.7165442731944138,
      "median": 0.7143997000742345
    }
  },
  "s_shape|n_oof=1500": {
    "iso_beats_sig": 8,
    "isotonic": {
      "mean": 0.38823721321709914,
      "median": 0.38701714059373227
    },
    "linear": {
      "mean": 0.5450774479502446,
      "median": 0.5479400367101878
    },
    "n_seeds": 8,
    "raw": {
      "mean": 0.6054904943047579,
      "median": 0.6108433043396165
    },
    "sig_beats_iso": 0,
    "sigmoid": {
      "mean": 0.5984187612554847,
      "median": 0.5989951591811002
    }
  },
  "s_shape|n_oof=400": {
    "iso_beats_sig": 8,
    "isotonic": {
      "mean": 0.39627975051678793,
      "median": 0.39568918350211857
    },
    "linear": {
      "mean": 0.5369510790080312,
      "median": 0.537190469545801
    },
    "n_seeds": 8,
    "raw": {
      "mean": 0.5969589895921753,
      "median": 0.5929382442437581
    },
    "sig_beats_iso": 0,
    "sigmoid": {
      "mean": 0.653478096083852,
      "median": 0.6514595193120021
    }
  },
  "s_shape|n_oof=60": {
    "iso_beats_sig": 8,
    "isotonic": {
      "mean": 0.4415033302488538,
      "median": 0.44168029483371
    },
    "linear": {
      "mean": 0.5481763678137807,
      "median": 0.5437055152039107
    },
    "n_seeds": 8,
    "raw": {
      "mean": 0.5930930359760767,
      "median": 0.590845341892356
    },
    "sig_beats_iso": 0,
    "sigmoid": {
      "mean": 1.0020262932507307,
      "median": 0.89984732974031
    }
  },
  "saturating|n_oof=150": {
    "iso_beats_sig": 8,
    "isotonic": {
      "mean": 0.40296225310749173,
      "median": 0.40145445392187973
    },
    "linear": {
      "mean": 0.631913034543234,
      "median": 0.6306836174353851
    },
    "n_seeds": 8,
    "raw": {
      "mean": 0.639414282983101,
      "median": 0.6410666452495327
    },
    "sig_beats_iso": 0,
    "sigmoid": {
      "mean": 0.8761570518858924,
      "median": 0.8720075181995738
    }
  },
  "saturating|n_oof=1500": {
    "iso_beats_sig": 8,
    "isotonic": {
      "mean": 0.3599513412370545,
      "median": 0.3589453912405671
    },
    "linear": {
      "mean": 0.6298765444965334,
      "median": 0.6325716310934395
    },
    "n_seeds": 8,
    "raw": {
      "mean": 0.6425120929508343,
      "median": 0.6457892376802583
    },
    "sig_beats_iso": 0,
    "sigmoid": {
      "mean": 0.6924431309240582,
      "median": 0.6898598087466085
    }
  },
  "saturating|n_oof=400": {
    "iso_beats_sig": 8,
    "isotonic": {
      "mean": 0.3738990073783778,
      "median": 0.3755383031641317
    },
    "linear": {
      "mean": 0.6344598178627916,
      "median": 0.637347999490866
    },
    "n_seeds": 8,
    "raw": {
      "mean": 0.6472646654794165,
      "median": 0.64919497259397
    },
    "sig_beats_iso": 0,
    "sigmoid": {
      "mean": 0.7605944129940128,
      "median": 0.7647700743873826
    }
  },
  "saturating|n_oof=60": {
    "iso_beats_sig": 8,
    "isotonic": {
      "mean": 0.4284971113949524,
      "median": 0.4249998430235187
    },
    "linear": {
      "mean": 0.6477295846482818,
      "median": 0.6467640832741544
    },
    "n_seeds": 8,
    "raw": {
      "mean": 0.6464739073128171,
      "median": 0.6445010105203274
    },
    "sig_beats_iso": 0,
    "sigmoid": {
      "mean": 1.1702117952929996,
      "median": 1.1507879594591248
    }
  }
}