{
  "n5000_p100": {
    "cost_a_seconds": 6.437649999978021,
    "cost_b_seconds": 0.2296658999985084,
    "ratio_b_over_a": 0.035675425038529975,
    "verdict": "PASS",
    "stats": {
      "n_su_calls": 1592,
      "n_cache_hits": 0,
      "n_cache_misses": 1592,
      "cache_hit_rate": 0.0,
      "final_pool_size": 65,
      "final_cache_size": 1592,
      "n_selected": 20
    }
  },
  "n5000_p1000": {
    "cost_a_seconds": 149.4129175179871,
    "cost_b_seconds": 3.9920508000068367,
    "ratio_b_over_a": 0.026718244087070003,
    "verdict": "PASS",
    "stats": {
      "n_su_calls": 19764,
      "n_cache_hits": 0,
      "n_cache_misses": 19764,
      "cache_hit_rate": 0.0,
      "final_pool_size": 978,
      "final_cache_size": 19764,
      "n_selected": 20
    }
  },
  "n5000_p10000": {
    "cost_a_seconds": 19698.561947079026,
    "cost_b_seconds": 53.02596070000436,
    "ratio_b_over_a": 0.0026918696320300294,
    "verdict": "PASS",
    "stats": {
      "n_su_calls": 199790,
      "n_cache_hits": 0,
      "n_cache_misses": 199790,
      "cache_hit_rate": 0.0,
      "final_pool_size": 9980,
      "final_cache_size": 50000,
      "n_selected": 20
    }
  },
  "overall_verdict": "PASS"
}