{
  "config": {
    "reps": 3,
    "n": 4000,
    "scenarios": [
      "two_decorrelated_bases",
      "three_lag_variants",
      "heteroscedastic_logratio",
      "mixed_regimes",
      "noisy_borderline",
      "distribution_shift"
    ]
  },
  "skipped": [],
  "per_scenario_rmses": {
    "two_decorrelated_bases": {
      "mean": [
        0.30465388199078086,
        0.31304870547843605,
        0.37230693261596476
      ],
      "median": [
        0.29822307639706164,
        0.311469572307647,
        0.31206934134070896
      ],
      "trimmed_mean": [
        0.29822307639706164,
        0.311469572307647,
        0.31206934134070896
      ],
      "inverse_rmse": [
        0.30059501756462054,
        0.3098887415276961,
        0.3225783503260385
      ],
      "inverse_variance": [
        0.2983304928745583,
        0.30819972282870495,
        0.30635206366254364
      ],
      "bma_softmax": [
        0.29650082660435,
        0.30746171896034413,
        0.30603823884408765
      ],
      "oof_weighted": [
        0.30333695531132604,
        0.3120200644039696,
        0.34290108388164786
      ],
      "linear_stack_ridge": [
        0.3071908020459284,
        0.307953366548349,
        0.4158552986479035
      ],
      "nnls_stack": [
        0.2962809379359881,
        0.30764652092938627,
        0.29675344689382926
      ],
      "stacked_gbdt": [
        0.30998220801096155,
        0.3181313141053557,
        0.3050989744685632
      ],
      "best_single_by_train": [
        0.3001883656468862,
        0.3235597844227861,
        0.3059224420560689
      ],
      "_oracle_best_single_test": [
        0.3001883656468862,
        0.31442735041816466,
        0.3013404238901955
      ]
    },
    "three_lag_variants": {
      "mean": [
        0.2512290717195417,
        0.4021104335323604,
        0.24930034727056014
      ],
      "median": [
        0.2126729231958197,
        0.40288951604765894,
        0.2111839208330601
      ],
      "trimmed_mean": [
        0.2126729231958197,
        0.40288951604765894,
        0.2111839208330601
      ],
      "inverse_rmse": [
        0.22022969541808715,
        0.25311730249361863,
        0.21660670775518892
      ],
      "inverse_variance": [
        0.2127632258306583,
        0.20997277541573772,
        0.20789480248380265
      ],
      "bma_softmax": [
        0.2120169942868561,
        0.21606965557336086,
        0.20666377856805093
      ],
      "oof_weighted": [
        0.24301882598099192,
        0.3655505004492867,
        0.24084027652264
      ],
      "linear_stack_ridge": [
        0.2095638306778851,
        0.20552002498136387,
        0.20552756017234022
      ],
      "nnls_stack": [
        0.2100988007792414,
        0.2063446070990831,
        0.20603524181811966
      ],
      "stacked_gbdt": [
        0.23311552638619762,
        0.23930705785849418,
        0.21765529229710853
      ],
      "best_single_by_train": [
        0.21061931681488397,
        0.20641354702261816,
        0.2092690470407439
      ],
      "_oracle_best_single_test": [
        0.21061931681488397,
        0.20641354702261816,
        0.2092690470407439
      ]
    },
    "heteroscedastic_logratio": {
      "mean": [
        1.2871854796969728,
        1.2929789048812492,
        1.4367073382410576
      ],
      "median": [
        1.2368792738445946,
        1.202698083551558,
        1.35911796849962
      ],
      "trimmed_mean": [
        1.2368792738445946,
        1.202698083551558,
        1.35911796849962
      ],
      "inverse_rmse": [
        0.8305417321135098,
        0.906741823088577,
        1.0846518504636826
      ],
      "inverse_variance": [
        0.6609677276817872,
        0.7607108940503194,
        0.9499340397774361
      ],
      "bma_softmax": [
        0.6814341172071418,
        0.773980595654527,
        0.9579451612355862
      ],
      "oof_weighted": [
        1.156706239080731,
        1.1708505987784423,
        1.3282720046418768
      ],
      "linear_stack_ridge": [
        0.6316569597546431,
        0.7308253874931188,
        0.9005932125974795
      ],
      "nnls_stack": [
        0.6307750639594916,
        0.7335403656202163,
        0.905432901181274
      ],
      "stacked_gbdt": [
        1.0735519448711464,
        1.0559993348840333,
        0.9053995656236078
      ],
      "best_single_by_train": [
        0.6307750639594916,
        0.7308189070114556,
        0.905432901181274
      ],
      "_oracle_best_single_test": [
        0.6258278247838485,
        0.7215928108374315,
        0.905432901181274
      ]
    },
    "mixed_regimes": {
      "mean": [
        2.3672374308267594,
        2.012495489108657,
        2.5253924001067074
      ],
      "median": [
        2.372266020428867,
        2.0266587487193357,
        2.5366801096892306
      ],
      "trimmed_mean": [
        2.372266020428867,
        2.0266587487193357,
        2.5366801096892306
      ],
      "inverse_rmse": [
        2.359323655457939,
        2.008039309637136,
        2.5260621972518025
      ],
      "inverse_variance": [
        2.3524074859826483,
        2.003723983717897,
        2.5267346458949933
      ],
      "bma_softmax": [
        2.335176304177064,
        1.9642101680112258,
        2.6068345881546957
      ],
      "oof_weighted": [
        2.361524727329622,
        2.0091062878652957,
        2.5259198151123115
      ],
      "linear_stack_ridge": [
        2.3890486095336727,
        1.9762078846295923,
        2.550083645018923
      ],
      "nnls_stack": [
        2.3651152126480675,
        1.9695177955104213,
        2.54534044204373
      ],
      "stacked_gbdt": [
        2.6780128404418058,
        1.8948126976444317,
        2.599706304405487
      ],
      "best_single_by_train": [
        2.387818304063322,
        2.0760657340441067,
        2.694833153398059
      ],
      "_oracle_best_single_test": [
        2.318684053357479,
        2.0760657340441067,
        2.4943846685420277
      ]
    },
    "noisy_borderline": {
      "mean": [
        0.3130929026027856,
        0.3011088987341858,
        0.30917180040952685
      ],
      "median": [
        0.31441081876172944,
        0.304111534607529,
        0.3108435372430372
      ],
      "trimmed_mean": [
        0.31441081876172944,
        0.304111534607529,
        0.3108435372430372
      ],
      "inverse_rmse": [
        0.3129503267092067,
        0.30096005490239025,
        0.30901634052903076
      ],
      "inverse_variance": [
        0.31280645659122097,
        0.30080974918443876,
        0.3088587773332714
      ],
      "bma_softmax": [
        0.30837397924659643,
        0.2964144209875092,
        0.3028407428344449
      ],
      "oof_weighted": [
        0.3130739097332153,
        0.30108902222674916,
        0.30915083782514197
      ],
      "linear_stack_ridge": [
        0.30939242330024924,
        0.2971375273479325,
        0.3028051053751408
      ],
      "nnls_stack": [
        0.3079819991071867,
        0.29603689583041504,
        0.30246584493805495
      ],
      "stacked_gbdt": [
        0.31347494683032734,
        0.3159493871136736,
        0.31842304798225607
      ],
      "best_single_by_train": [
        0.3080265589517201,
        0.29640817045865514,
        0.30183108889930976
      ],
      "_oracle_best_single_test": [
        0.3080265589517201,
        0.29640817045865514,
        0.30183108889930976
      ]
    },
    "distribution_shift": {
      "mean": [
        0.33912520823228126,
        0.3165531612317254,
        0.341163992786892
      ],
      "median": [
        0.35027602798959845,
        0.3244888248486837,
        0.351605275058793
      ],
      "trimmed_mean": [
        0.35027602798959845,
        0.3244888248486837,
        0.351605275058793
      ],
      "inverse_rmse": [
        0.336453804017398,
        0.3141579370285739,
        0.3382586967105812
      ],