{
  "scenarios": [
    {
      "n_rows": 200000,
      "n_cats": 100,
      "n_runs": 3,
      "legacy_wall_seconds": [
        1.1674841999993077,
        1.1218630000003031,
        1.1028046999999788
      ],
      "new_wall_seconds": [
        0.32151990000056685,
        0.31125170000086655,
        0.3155109999970591
      ],
      "legacy_median_s": 1.1218630000003031,
      "new_median_s": 0.3155109999970591,
      "speedup_x": 3.5557017029858233
    },
    {
      "n_rows": 50000,
      "n_cats": 50,
      "n_runs": 5,
      "legacy_wall_seconds": [
        0.1828669999995327,
        0.17886970000108704,
        0.18073609999919427,
        0.17425120000189054,
        0.16861699999935809
      ],
      "new_wall_seconds": [
        0.04721270000300137,
        0.04534339999736403,
        0.04325370000151452,
        0.045992899998964276,
        0.04844100000264007
      ],
      "legacy_median_s": 0.17886970000108704,
      "new_median_s": 0.045992899998964276,
      "speedup_x": 3.8890720090517243
    }
  ]
}