{
  "bench": "oof_cache_reuse",
  "decision": "cache_unwired_on_suite_path_no_reuse",
  "rows": [
    {
      "hit_speedup": 1759.6807799188666,
      "k_components": 4,
      "keyed_first_ms": 50.15090000051714,
      "keyed_hit_ms": 0.02849999873433262,
      "kfold": 5,
      "n": 2000,
      "oof_refit_ms": 51.59110000022338
    },
    {
      "hit_speedup": 2916.283524886404,
      "k_components": 4,
      "keyed_first_ms": 52.49309999999241,
      "keyed_hit_ms": 0.01799999881768599,
      "kfold": 5,
      "n": 4000,
      "oof_refit_ms": 53.495999998631305
    },
    {
      "hit_speedup": 4644.7950331451175,
      "k_components": 4,
      "keyed_first_ms": 56.66650000057416,
      "keyed_hit_ms": 0.012200000128359534,
      "kfold": 5,
      "n": 8000,
      "oof_refit_ms": 56.33210000087274
    }
  ],
  "timestamp": "2026-06-06T00:52:43"
}