{
  "scenarios": [
    {
      "n_rows_train": 100000,
      "n_groups": 1000,
      "n_extra_cols": 20,
      "n_runs": 5,
      "polars_wall_seconds": [
        0.010119900001882343,
        0.0092884999976377,
        0.008972399999038316,
        0.008853999999701045,
        0.00842969999939669
      ],
      "pandas_wall_seconds": [
        0.011026399999536807,
        0.010636599999997998,
        0.010708700003306149,
        0.01191580000158865,
        0.009416000000783242
      ],
      "polars_median_s": 0.008972399999038316,
      "pandas_median_s": 0.010708700003306149,
      "speedup_polars_vs_pandas_x": 1.1935156707741443
    },
    {
      "n_rows_train": 1000000,
      "n_groups": 1000,
      "n_extra_cols": 20,
      "n_runs": 3,
      "polars_wall_seconds": [
        0.042424399998708395,
        0.04013000000122702,
        0.04011000000173226
      ],
      "pandas_wall_seconds": [
        0.09907720000046538,
        0.10307580000153393,
        0.11608459999843035
      ],
      "polars_median_s": 0.04013000000122702,
      "pandas_median_s": 0.10307580000153393,
      "speedup_polars_vs_pandas_x": 2.5685472214897156
    }
  ]
}