{
  "scenarios": [
    {
      "n_rows": 200000,
      "n_cols": 60,
      "n_runs": 5,
      "legacy_wall_seconds": [
        0.14490119999754825,
        0.15334639999855426,
        0.1539148000010755,
        0.1506867999996757,
        0.1519040999992285
      ],
      "new_wall_seconds": [
        0.05542340000101831,
        0.05444029999853228,
        0.05933109999750741,
        0.05371050000030664,
        0.05797290000191424
      ],
      "legacy_median_s": 0.1519040999992285,
      "new_median_s": 0.05542340000101831,
      "speedup_x": 2.740793599750963
    },
    {
      "n_rows": 50000,
      "n_cols": 120,
      "n_runs": 5,
      "legacy_wall_seconds": [
        0.058521800001472,
        0.057362200001080055,
        0.05787119999877177,
        0.057326000001921784,
        0.05706020000070566
      ],
      "new_wall_seconds": [
        0.019629700000223238,
        0.019548199998098426,
        0.018602000000100816,
        0.020130500000959728,
        0.019477699999697506
      ],
      "legacy_median_s": 0.057362200001080055,
      "new_median_s": 0.019548199998098426,
      "speedup_x": 2.934398052335255
    }
  ]
}