{
  "scenarios": [
    {
      "n_rows": 100000,
      "n_cols": 100,
      "n_runs": 5,
      "post_fix_wall_seconds": [
        0.00016590000086580403,
        7.860000187065452e-05,
        7.00999989931006e-05,
        6.930000017746352e-05,
        6.919999941601418e-05
      ],
      "pre_fix_wall_seconds": [
        0.05541799999991781,
        0.05345540000053006,
        0.05307349999930011,
        0.061177899999165675,
        0.05043330000262358
      ],
      "post_fix_median_s": 7.00999989931006e-05,
      "pre_fix_median_s": 0.05345540000053006,
      "speedup_post_over_pre_x": 762.5592121020039,
      "rss_mb_before": 263.01171875,
      "rss_mb_after_post": 263.01171875,
      "rss_mb_after_pre": 263.109375,
      "rss_delta_pre_minus_post_mb": 0.09765625
    },
    {
      "n_rows": 1000000,
      "n_cols": 100,
      "n_runs": 3,
      "post_fix_wall_seconds": [
        0.00032789999750093557,
        0.00020399999993969686,
        0.00019909999900846742
      ],
      "pre_fix_wall_seconds": [
        0.6645256000010704,
        0.5589884999972128,
        0.49344600000040373
      ],
      "post_fix_median_s": 0.00020399999993969686,
      "pre_fix_median_s": 0.5589884999972128,
      "speedup_post_over_pre_x": 2740.1397066786853,
      "rss_mb_before": 950.55859375,
      "rss_mb_after_post": 950.55859375,
      "rss_mb_after_pre": 1713.578125,
      "rss_delta_pre_minus_post_mb": 763.01953125
    }
  ]
}