{
  "scenarios": [
    {
      "n_rows": 100000,
      "n_cols": 30,
      "nan_rate": 0.1,
      "n_runs": 5,
      "polars_wall_seconds": [
        0.022511999999551335,
        0.02026520000072196,
        0.02010789999985718,
        0.0197695000024396,
        0.02123770000252989
      ],
      "pandas_wall_seconds": [
        0.13714579999941634,
        0.1320034000018495,
        0.13632820000202628,
        0.1342008000028727,
        0.14112810000005993
      ],
      "polars_median_s": 0.02026520000072196,
      "pandas_median_s": 0.13632820000202628,
      "speedup_polars_vs_pandas_x": 6.72720723196265
    },
    {
      "n_rows": 1000000,
      "n_cols": 30,
      "nan_rate": 0.1,
      "n_runs": 3,
      "polars_wall_seconds": [
        0.21116719999918132,
        0.1957317000014882,
        0.20042669999747886
      ],
      "pandas_wall_seconds": [
        1.4523501000003307,
        1.467195900000661,
        1.548114400000486
      ],
      "polars_median_s": 0.20042669999747886,
      "pandas_median_s": 1.467195900000661,
      "speedup_polars_vs_pandas_x": 7.320361508816522
    }
  ]
}