{
  "baseline_auto": 1000,
  "cells": {
    "high_noise|False|0|100": 0.506980365110714,
    "high_noise|False|0|1000": 0.506980365110714,
    "high_noise|False|0|50": 0.506980365110714,
    "high_noise|False|1|100": 0.5204837040057718,
    "high_noise|False|1|1000": 0.5204837040057718,
    "high_noise|False|1|50": 0.5204837040057718,
    "high_noise|False|2|100": 0.5686398710123228,
    "high_noise|False|2|1000": 0.5686398710123228,
    "high_noise|False|2|50": 0.5686398710123228,
    "high_noise|True|0|100": 6.12878653512782,
    "high_noise|True|0|1000": 6.12878653512782,
    "high_noise|True|0|50": 6.12878653512782,
    "high_noise|True|1|100": 5.8873669185957125,
    "high_noise|True|1|1000": 5.8873669185957125,
    "high_noise|True|1|50": 5.8873669185957125,
    "high_noise|True|2|100": 6.294467760046051,
    "high_noise|True|2|1000": 6.294467760046051,
    "high_noise|True|2|50": 6.294467760046051,
    "interactions|False|0|100": 0.7121895801331286,
    "interactions|False|0|1000": 0.7121895801331286,
    "interactions|False|0|50": 0.7121895801331286,
    "interactions|False|1|100": 0.7398930190317302,
    "interactions|False|1|1000": 0.7398930190317302,
    "interactions|False|1|50": 0.7204452072606231,
    "interactions|False|2|100": 0.7146297363031234,
    "interactions|False|2|1000": 0.7146297363031234,
    "interactions|False|2|50": 0.715177771377368,
    "interactions|True|0|100": 2.3835949984916724,
    "interactions|True|0|1000": 2.3835949984916724,
    "interactions|True|0|50": 2.3835949984916724,
    "interactions|True|1|100": 2.403849210797215,
    "interactions|True|1|1000": 2.405509013489368,
    "interactions|True|1|50": 2.403849210797215,
    "interactions|True|2|100": 2.4863766349487353,
    "interactions|True|2|1000": 2.4863766349487353,
    "interactions|True|2|50": 2.4863766349487353,
    "linear_noisy|False|0|100": 0.6562886597938143,
    "linear_noisy|False|0|1000": 0.6562886597938143,
    "linear_noisy|False|0|50": 0.6562886597938143,
    "linear_noisy|False|1|100": 0.7002089638276409,
    "linear_noisy|False|1|1000": 0.7002089638276409,
    "linear_noisy|False|1|50": 0.7002089638276409,
    "linear_noisy|False|2|100": 0.7099604834960483,
    "linear_noisy|False|2|1000": 0.7099604834960483,
    "linear_noisy|False|2|50": 0.7099604834960483,
    "linear_noisy|True|0|100": 3.0293610462150826,
    "linear_noisy|True|0|1000": 3.0293610462150826,
    "linear_noisy|True|0|50": 3.0293610462150826,
    "linear_noisy|True|1|100": 3.146074528316366,
    "linear_noisy|True|1|1000": 3.146074528316366,
    "linear_noisy|True|1|50": 3.146074528316366,
    "linear_noisy|True|2|100": 3.212391208692471,
    "linear_noisy|True|2|1000": 3.212391208692471,
    "linear_noisy|True|2|50": 3.212391208692471,
    "nonlinear|False|0|100": 0.787144337196139,
    "nonlinear|False|0|1000": 0.787144337196139,
    "nonlinear|False|0|50": 0.787144337196139,
    "nonlinear|False|1|100": 0.7836645386326181,
    "nonlinear|False|1|1000": 0.7836645386326181,
    "nonlinear|False|1|50": 0.7836645386326181,
    "nonlinear|False|2|100": 0.7633653461384552,
    "nonlinear|False|2|1000": 0.7633653461384552,
    "nonlinear|False|2|50": 0.7633653461384552,
    "nonlinear|True|0|100": 2.227064812734571,
    "nonlinear|True|0|1000": 2.227064812734571,
    "nonlinear|True|0|50": 2.227064812734571,
    "nonlinear|True|1|100": 2.1317640068074026,
    "nonlinear|True|1|1000": 2.1317640068074026,
    "nonlinear|True|1|50": 2.1317640068074026,
    "nonlinear|True|2|100": 2.208669534827216,
    "nonlinear|True|2|1000": 2.208669534827216,
    "nonlinear|True|2|50": 2.208669534827216,
    "sparse_signal|False|0|100": 0.8182671521219705,
    "sparse_signal|False|0|1000": 0.8182671521219705,
    "sparse_signal|False|0|50": 0.8182671521219705,
    "sparse_signal|False|1|100": 0.8481396142686465,
    "sparse_signal|False|1|1000": 0.8481396142686465,
    "sparse_signal|False|1|50": 0.8481396142686465,
    "sparse_signal|False|2|100": 0.8623079348698544,
    "sparse_signal|False|2|1000": 0.8623079348698544,
    "sparse_signal|False|2|50": 0.8623079348698544,
    "sparse_signal|True|0|100": 2.7641441196352603,
    "sparse_signal|True|0|1000": 2.7641441196352603,
    "sparse_signal|True|0|50": 2.7641441196352603,
    "sparse_signal|True|1|100": 2.7509170940773173,
    "sparse_signal|True|1|1000": 2.7509170940773173,
    "sparse_signal|True|1|50": 2.7509170940773173,
    "sparse_signal|True|2|100": 2.6782778332315034,
    "sparse_signal|True|2|1000": 2.6782778332315034,
    "sparse_signal|True|2|50": 2.6782778332315034
  },
  "decision": "KEEP auto rule (iterations//3)",
  "summary": {
    "100": {
      "losses": 0,
      "mean_delta": 5.53267564051089e-05,
      "median_delta": 0.0,
      "n": 30,
      "ties": 29,
      "wins": 1
    },
    "50": {
      "losses": 1,
      "mean_delta": -0.0005746658001569741,
      "median_delta": 0.0,
      "n": 30,
      "ties": 27,
      "wins": 2
    }
  }
}