{
  "5000": {
    "series_ms": 16.43259999982547,
    "to_numpy_ms": 17.126200000348035,
    "values_ms": 16.61794000028749
  },
  "50000": {
    "series_ms": 170.57308000003104,
    "to_numpy_ms": 167.78011999995215,
    "values_ms": 165.47932000030414
  }
}